1631013704375930;-33;7;47
1631013704407180;-28;6;51
1631013704438430;-17;7;58
1631013704469680;-17;6;57
1631013704500930;-17;3;62
1631013704532190;-13;-1;69
1631013704563440;-12;-3;69
1631013704594690;-16;-3;66
1631013704625940;-17;-4;64
1631013704657190;-24;0;64
1631013704688440;-27;2;59
1631013704719690;-28;2;58
1631013704750950;-27;3;59
1631013704782200;-25;3;59
1631013704813450;-24;3;61
1631013704844700;-24;3;60
1631013704875950;-26;2;58
1631013704907200;-26;3;58
1631013704938450;-27;3;60
1631013704969710;-26;3;61
1631013705000960;-23;2;58
1631013705032210;-23;0;60
1631013705063460;-26;0;64
1631013705094710;-28;3;62
1631013705125960;-30;4;55
1631013705157210;-32;5;55
1631013705188470;-30;6;55
1631013705219720;-31;6;55
1631013705250970;-30;6;55
1631013705282220;-32;5;57
1631013705313470;-31;6;57
1631013705344720;-30;7;56
1631013705375970;-33;7;56
1631013705407230;-34;8;56
1631013705438480;-37;11;54
1631013705469730;-38;11;50
1631013705500980;-35;10;49
1631013705532230;-35;9;46
1631013705563480;-40;6;48
1631013705594730;-41;2;44
1631013705625990;-44;2;47
1631013705657240;-41;4;49
1631013705688490;-43;9;48
1631013705719740;-45;11;47
1631013705750990;-43;11;50
1631013705782240;-40;13;52
1631013705813490;-38;10;52
1631013705844750;-36;9;53
1631013705876000;-35;9;55
1631013705907250;-35;10;54
1631013705938500;-35;10;54
1631013705969750;-33;9;54
1631013706001000;-34;9;53
1631013706032250;-35;9;53
1631013706063510;-34;10;54
1631013706094760;-32;10;54
1631013706126010;-36;11;55
1631013706157260;-35;14;57
1631013706188510;-35;13;56
1631013706219760;-35;13;50
1631013706251010;-38;13;49
1631013706282270;-38;13;51
1631013706313520;-39;13;48
1631013706344770;-39;13;47
1631013706376020;-40;13;50
1631013706407270;-37;13;52
1631013706438520;-35;12;52
1631013706469770;-32;11;54
1631013706501030;-32;11;55
1631013706532280;-32;10;55
1631013706563530;-33;11;54
1631013706594780;-33;11;54
1631013706626030;-34;11;53
1631013706657280;-33;12;54
1631013706688540;-32;12;54
1631013706719790;-31;11;56
1631013706751040;-31;11;56
1631013706782290;-30;10;57
1631013706813540;-30;10;56
1631013706844790;-30;10;56
1631013706876040;-30;11;56
1631013706907300;-30;12;56
1631013706938550;-30;12;56
1631013706969800;-29;11;56
1631013707001050;-29;10;56
1631013707032300;-29;11;56
1631013707063550;-29;11;58
1631013707094800;-30;11;57
1631013707126060;-28;10;57
1631013707157310;-29;11;56
1631013707188560;-29;10;56
1631013707219810;-29;10;56
1631013707251060;-30;11;57
1631013707282310;-30;11;57
1631013707313560;-29;10;56
1631013707344820;-30;11;55
1631013707376070;-30;11;56
1631013707407320;-30;10;56
1631013707438570;-30;10;57
1631013707469820;-28;11;57
1631013707501070;-29;11;57
1631013707532320;-29;11;56
1631013707563580;-30;11;56
1631013707594830;-30;11;57
1631013707626080;-30;11;56
1631013707657330;-29;12;57
1631013707688580;-29;12;58
1631013707719830;-31;10;58
1631013707751080;-32;10;55
1631013707782340;-32;10;55
1631013707813590;-32;9;53
1631013707844840;-32;11;52
1631013707876090;-33;12;53
1631013707907340;-36;11;54
1631013707938590;-35;10;53
1631013707969840;-34;10;54
1631013708001100;-34;10;54
1631013708032350;-33;10;56
1631013708063600;-33;10;55
1631013708094850;-34;10;55
1631013708126100;-35;10;54
1631013708157350;-37;11;52
1631013708188600;-37;11;51
1631013708219860;-36;11;50
1631013708251110;-36;11;51
1631013708282360;-37;10;53
1631013708313610;-37;10;53
1631013708344860;-36;11;53
1631013708376110;-35;12;51
1631013708407360;-38;13;49
1631013708438620;-40;11;50
1631013708469870;-40;10;51
1631013708501120;-39;9;51
1631013708532370;-38;11;52
1631013708563620;-37;12;50
1631013708594870;-39;10;51
1631013708626120;-40;11;51
1631013708657380;-40;11;51
1631013708688630;-37;11;50
1631013708719880;-39;10;50
1631013708751130;-40;10;50
1631013708782380;-40;10;49
1631013708813630;-39;11;48
1631013708844880;-41;13;49
1631013708876140;-42;13;49
1631013708907390;-41;12;49
1631013708938640;-41;12;48
1631013708969890;-41;11;48
1631013709001140;-41;11;48
1631013709032390;-41;11;48
1631013709063650;-41;11;48
1631013709094900;-41;11;48
1631013709126150;-41;11;49
1631013709157400;-41;11;49
1631013709188650;-42;10;49
1631013709219900;-41;11;49
1631013709251150;-49;11;46
1631013709282410;-47;5;47
1631013709313660;-45;5;45
1631013709344910;-48;12;37
1631013709376160;-45;16;35
1631013709407410;-39;17;36
1631013709438660;-28;16;41
1631013709469910;-28;10;50
1631013709501170;-34;10;45
1631013709532420;-44;6;39
1631013709563670;-44;5;40
1631013709594920;-52;4;45
1631013709626170;-73;-3;24
1631013709657420;-86;-3;21
1631013709688670;-81;-8;30
1631013709719930;-63;-8;37
1631013709751180;-52;-12;32
1631013709782430;-52;-20;30
1631013709813680;-46;-21;40
1631013709844930;-44;-22;42
1631013709876180;-42;-23;41
1631013709907430;-38;-26;36
1631013709938690;-34;-24;38
1631013709969940;-45;-22;46
1631013710001190;-49;-24;44
1631013710032440;-46;-22;40
1631013710063690;-45;-15;46
1631013710094940;-48;-12;49
1631013710126190;-39;-2;46
1631013710157450;-35;-2;43
1631013710188700;-38;-5;43
1631013710219950;-45;-12;38
1631013710251200;-48;-15;35
1631013710282450;-48;-21;40
1631013710313700;-43;-27;47
1631013710344950;-44;-28;45
1631013710376210;-51;-28;43
1631013710407460;-53;-27;44
1631013710438710;-51;-29;41
1631013710469960;-43;-28;38
1631013710501210;-46;-29;38
1631013710532460;-53;-29;36
1631013710563710;-44;-28;35
1631013710594970;-42;-27;37
1631013710626220;-41;-26;42
1631013710657470;-41;-26;43
1631013710688720;-41;-26;43
1631013710719970;-43;-26;42
1631013710751220;-43;-26;42
1631013710782470;-41;-25;42
1631013710813730;-42;-25;41
1631013710844980;-42;-25;41
1631013710876230;-42;-25;42
1631013710907480;-42;-26;42
1631013710938730;-41;-26;41
1631013710969980;-41;-27;42
1631013711001230;-41;-26;42
1631013711032490;-42;-26;41
1631013711063740;-42;-26;41
1631013711094990;-42;-26;41
1631013711126240;-43;-26;41
1631013711157490;-43;-26;41
1631013711188740;-43;-26;41
1631013711220000;-43;-26;41
1631013711251250;-42;-26;41
1631013711282500;-42;-26;41
1631013711313750;-41;-26;41
1631013711345000;-41;-27;41
1631013711376250;-42;-28;42
1631013711407500;-44;-29;41
1631013711438760;-44;-28;40
1631013711470010;-42;-27;39
1631013711501260;-42;-27;40
1631013711532510;-42;-27;42
1631013711563760;-43;-27;41
1631013711595010;-42;-27;40
1631013711626260;-42;-27;40
1631013711657520;-44;-27;40
1631013711688770;-44;-27;40
1631013711720020;-44;-27;40
1631013711751270;-43;-27;40
1631013711782520;-42;-28;40
1631013711813770;-42;-28;41
1631013711845020;-42;-27;41
1631013711876280;-42;-27;41
1631013711907530;-42;-27;41
1631013711938780;-43;-27;41
1631013711970030;-43;-27;41
1631013712001280;-42;-27;41
1631013712032530;-42;-27;41
1631013712063780;-42;-27;41
1631013712095040;-42;-26;41
1631013712126290;-42;-26;41
1631013712157540;-42;-26;41
1631013712188790;-42;-27;41
1631013712220040;-43;-27;41
1631013712251290;-42;-27;41
1631013712282540;-42;-26;41
1631013712313800;-42;-27;41
1631013712345050;-42;-27;41
1631013712376300;-41;-27;42
1631013712407550;-42;-26;41
1631013712438800;-42;-26;41
1631013712470050;-43;-26;41
1631013712501300;-43;-26;41
1631013712532560;-42;-26;42
1631013712563810;-40;-27;41
1631013712595060;-41;-27;42
1631013712626310;-41;-27;42
1631013712657560;-42;-27;42
1631013712688810;-41;-26;41
1631013712720060;-41;-26;41
1631013712751320;-42;-26;42
1631013712782570;-43;-27;41
1631013712813820;-43;-27;41
1631013712845070;-42;-27;41
1631013712876320;-41;-27;42
1631013712907570;-42;-27;42
1631013712938820;-42;-27;42
1631013712970080;-42;-27;41
1631013713001330;-42;-27;41
1631013713032580;-42;-26;41
1631013713063830;-42;-26;41
1631013713095080;-42;-26;41
1631013713126330;-42;-27;41
1631013713157580;-42;-27;41
1631013713188840;-42;-27;41
1631013713220090;-42;-27;41
1631013713251340;-42;-27;41
1631013713282590;-42;-27;41
1631013713313840;-42;-27;41
1631013713345090;-42;-27;41
1631013713376340;-42;-27;41
1631013713407600;-42;-27;41
1631013713438850;-42;-27;41
1631013713470100;-42;-26;41
1631013713501350;-42;-26;41
1631013713532600;-42;-26;41
1631013713563850;-42;-27;42
1631013713595100;-42;-27;42
1631013713626360;-42;-27;41
1631013713657610;-42;-26;41
1631013713688860;-42;-26;41
1631013713720110;-42;-27;42
1631013713751360;-42;-27;42
1631013713782610;-42;-27;41
1631013713813860;-41;-27;41
1631013713845120;-42;-26;42
1631013713876370;-42;-27;41
1631013713907620;-42;-27;42
1631013713938870;-42;-27;42
1631013713970120;-42;-27;41
1631013714001370;-42;-26;42
1631013714032630;-41;-26;42
1631013714063880;-42;-27;42
1631013714095130;-43;-27;41
1631013714126380;-43;-27;40
1631013714157630;-43;-27;40
1631013714188880;-43;-27;40
1631013714220130;-41;-27;41
1631013714251390;-39;-26;42
1631013714282640;-41;-26;43
1631013714313890;-42;-27;43
1631013714345140;-42;-27;43
1631013714376390;-40;-27;41
1631013714407640;-43;-26;41
1631013714438890;-45;-26;40
1631013714470150;-41;-25;41
1631013714501400;-39;-25;42
1631013714532650;-43;-25;42
1631013714563900;-45;-26;42
1631013714595150;-43;-26;43
1631013714626400;-39;-26;43
1631013714657650;-39;-26;43
1631013714688910;-41;-26;41
1631013714720160;-26;-28;48
1631013714751410;-33;-29;48
1631013714782660;-49;-29;38
1631013714813910;-57;-23;32
1631013714845160;-56;-24;33
1631013714876410;-30;-27;46
1631013714907670;-40;-29;48
1631013714938920;-51;-28;40
1631013714970170;-43;-28;41
1631013715001420;-32;-26;49
1631013715032670;-30;-24;48
1631013715063920;-34;-23;47
1631013715095170;-37;-25;46
1631013715126430;-40;-25;40
1631013715157680;-41;-27;42
1631013715188930;-41;-27;43
1631013715220180;-42;-28;47
1631013715251430;-41;-28;43
1631013715282680;-39;-27;43
1631013715313930;-33;-25;48
1631013715345190;-39;-24;44
1631013715376440;-44;-24;40
1631013715407690;-47;-25;38
1631013715438940;-44;-26;40
1631013715470190;-43;-27;43
1631013715501440;-42;-27;44
1631013715532690;-40;-27;44
1631013715563950;-38;-26;45
1631013715595200;-39;-25;45
1631013715626450;-38;-24;45
1631013715657700;-38;-24;44
1631013715688950;-41;-23;45
1631013715720200;-42;-24;45
1631013715751450;-40;-25;44
1631013715782710;-40;-25;43
1631013715813960;-40;-26;44
1631013715845210;-36;-26;47
1631013715876460;-35;-26;47
1631013715907710;-36;-27;45
1631013715938960;-35;-27;44
1631013715970210;-37;-27;46
1631013716001470;-45;-26;43
1631013716032720;-48;-25;41
1631013716063970;-47;-25;42
1631013716095220;-42;-24;42
1631013716126470;-39;-24;43
1631013716157720;-36;-24;45
1631013716188980;-38;-24;46
1631013716220230;-38;-24;45
1631013716251480;-34;-24;48
1631013716282730;-34;-26;49
1631013716313980;-40;-26;45
1631013716345230;-43;-26;42
1631013716376480;-41;-25;42
1631013716407740;-41;-24;44
1631013716438990;-44;-25;43
1631013716470240;-42;-25;43
1631013716501490;-39;-26;45
1631013716532740;-37;-26;45
1631013716563990;-38;-27;45
1631013716595240;-38;-27;45
1631013716626500;-38;-26;45
1631013716657750;-41;-26;44
1631013716689000;-41;-25;43
1631013716720250;-38;-25;43
1631013716751500;-35;-25;46
1631013716782750;-44;-23;51
1631013716814000;-50;-24;51
1631013716845260;-47;-25;38
1631013716876510;-32;-24;44
1631013716907760;-34;-23;46
1631013716939010;-38;-22;44
1631013716970260;-38;-22;41
1631013717001510;-41;-25;43
1631013717032760;-40;-26;44
1631013717064020;-40;-27;43
1631013717095270;-42;-27;42
1631013717126520;-43;-27;42
1631013717157770;-42;-26;43
1631013717189020;-42;-25;43
1631013717220270;-42;-25;42
1631013717251520;-43;-25;42
1631013717282780;-41;-26;43
1631013717314030;-40;-26;43
1631013717345280;-40;-27;44
1631013717376530;-41;-27;43
1631013717407780;-41;-27;43
1631013717439030;-41;-27;42
1631013717470280;-42;-26;42
1631013717501540;-41;-26;42
1631013717532790;-41;-25;43
1631013717564040;-41;-26;43
1631013717595290;-42;-26;43
1631013717626540;-41;-26;43
1631013717657790;-41;-27;43
1631013717689040;-40;-26;43
1631013717720300;-40;-26;43
1631013717751550;-40;-25;43
1631013717782800;-40;-26;44
1631013717814050;-41;-26;43
1631013717845300;-41;-26;43
1631013717876550;-41;-26;43
1631013717907800;-40;-26;43
1631013717939060;-40;-25;43
1631013717970310;-40;-25;44
1631013718001560;-40;-25;43
1631013718032810;-41;-26;43
1631013718064060;-40;-26;44
1631013718095310;-40;-26;43
1631013718126560;-40;-26;43
1631013718157820;-40;-26;43
1631013718189070;-40;-26;44
1631013718220320;-41;-26;43
1631013718251570;-40;-26;43
1631013718282820;-41;-26;43
1631013718314070;-41;-26;43
1631013718345320;-40;-26;43
1631013718376580;-40;-26;43
1631013718407830;-41;-26;43
1631013718439080;-41;-26;43
1631013718470330;-40;-26;44
1631013718501580;-40;-26;44
1631013718532830;-40;-26;44
1631013718564090;-40;-26;44
1631013718595340;-41;-26;43
1631013718626590;-41;-26;43
1631013718657840;-41;-25;43
1631013718689090;-40;-25;44
1631013718720340;-40;-26;44
1631013718751590;-40;-26;44
1631013718782850;-40;-26;44
1631013718814100;-40;-26;44
1631013718845350;-40;-26;44
1631013718876600;-40;-26;43
1631013718907850;-40;-26;44
1631013718939100;-40;-26;44
1631013718970350;-40;-26;44
1631013719001610;-40;-26;43
1631013719032860;-41;-26;44
1631013719064110;-40;-26;43
1631013719095360;-40;-26;43
1631013719126610;-40;-26;44
1631013719157860;-40;-26;43
1631013719189110;-40;-26;44
1631013719220370;-41;-26;43
1631013719251620;-40;-25;43
1631013719282870;-40;-26;43
1631013719314120;-40;-26;44
1631013719345370;-40;-26;44
1631013719376620;-41;-26;43
1631013719407870;-41;-26;43
1631013719439130;-41;-26;43
1631013719470380;-40;-26;43
1631013719501630;-40;-26;44
1631013719532880;-40;-26;44
1631013719564130;-40;-26;43
1631013719595380;-40;-26;44
1631013719626630;-40;-26;44
1631013719657890;-40;-26;44
1631013719689140;-40;-26;43
1631013719720390;-40;-26;44
1631013719751640;-40;-26;43
1631013719782890;-40;-26;44
1631013719814140;-40;-26;44
1631013719845390;-40;-26;43
1631013719876650;-40;-26;43
1631013719907900;-40;-26;44
1631013719939150;-40;-26;44
1631013719970400;-40;-26;44
1631013720001650;-40;-26;43
1631013720032900;-40;-26;44
1631013720064150;-40;-26;44
1631013720095410;-40;-26;43
1631013720126660;-40;-26;43
1631013720157910;-40;-26;44
1631013720189160;-40;-26;44
1631013720220410;-40;-26;44
1631013720251660;-41;-26;43
1631013720282910;-41;-25;43
1631013720314170;-40;-26;43
1631013720345420;-40;-26;44
1631013720376670;-40;-26;44
1631013720407920;-40;-26;43
1631013720439170;-40;-26;43
1631013720470420;-40;-26;44
1631013720501670;-40;-26;44
1631013720532930;-40;-26;44
1631013720564180;-40;-26;43
1631013720595430;-40;-26;43
1631013720626680;-40;-26;44
1631013720657930;-40;-26;43
1631013720689180;-40;-26;44
1631013720720430;-40;-26;44
1631013720751690;-40;-26;43
1631013720782940;-40;-26;44
1631013720814190;-40;-26;44
1631013720845440;-40;-26;44
1631013720876690;-40;-26;44
1631013720907940;-40;-26;44
1631013720939190;-40;-26;43
1631013720970450;-40;-26;44
1631013721001700;-40;-26;43
1631013721032950;-40;-25;43
1631013721064200;-40;-26;44
1631013721095450;-40;-26;44
1631013721126700;-40;-26;44
1631013721157950;-40;-26;44
1631013721189210;-41;-26;43
1631013721220460;-41;-26;43
1631013721251710;-40;-26;43
1631013721282960;-40;-26;44
1631013721314210;-40;-26;44
1631013721345460;-40;-26;43
1631013721376720;-40;-26;43
1631013721407970;-40;-26;44
1631013721439220;-40;-26;43
1631013721470470;-40;-26;43
1631013721501720;-40;-26;43
1631013721532970;-40;-26;43
1631013721564220;-40;-26;44
1631013721595480;-40;-26;44
1631013721626730;-40;-26;43
1631013721657980;-41;-26;43
1631013721689230;-40;-26;44
1631013721720480;-40;-26;43
1631013721751730;-40;-26;43
1631013721782980;-40;-26;43
1631013721814240;-40;-26;43
1631013721845490;-40;-26;44
1631013721876740;-41;-26;43
1631013721907990;-41;-26;43
1631013721939240;-40;-26;43
1631013721970490;-40;-26;43
1631013722001740;-40;-26;44
1631013722033000;-41;-26;43
1631013722064250;-40;-26;43
1631013722095500;-40;-26;43
1631013722126750;-40;-26;43
1631013722158000;-40;-26;44
1631013722189250;-40;-26;44
1631013722220500;-40;-26;44
1631013722251760;-40;-26;44
1631013722283010;-40;-26;43
1631013722314260;-40;-26;44
1631013722345510;-40;-26;43
1631013722376760;-40;-26;44
1631013722408010;-40;-26;43
1631013722439260;-40;-26;44
1631013722470520;-40;-26;43
1631013722501770;-40;-26;44
1631013722533020;-40;-26;43
1631013722564270;-40;-26;43
1631013722595520;-40;-26;43
1631013722626770;-40;-26;43
1631013722658020;-40;-26;43
1631013722689280;-40;-26;44
1631013722720530;-40;-26;43
1631013722751780;-41;-26;43
1631013722783030;-41;-26;43
1631013722814280;-40;-26;44
1631013722845530;-40;-26;44
1631013722876780;-40;-26;44
1631013722908040;-41;-26;43
1631013722939290;-41;-26;43
1631013722970540;-40;-26;43
1631013723001790;-40;-26;44
1631013723033040;-40;-26;44
1631013723064290;-40;-26;44
1631013723095540;-40;-26;43
1631013723126800;-40;-26;43
1631013723158050;-40;-26;44
1631013723189300;-40;-26;43
1631013723220550;-40;-26;43
1631013723251800;-40;-26;43
1631013723283050;-40;-26;44
1631013723314300;-40;-26;43
1631013723345560;-40;-26;43
1631013723376810;-40;-26;44
1631013723408060;-40;-26;43
1631013723439310;-40;-26;43
1631013723470560;-40;-26;43
1631013723501810;-40;-26;43
1631013723533070;-40;-26;43
1631013723564320;-40;-26;43
1631013723595570;-40;-26;44
1631013723626820;-40;-26;43
1631013723658070;-40;-26;43
1631013723689320;-40;-26;44
1631013723720570;-40;-26;43
1631013723751830;-40;-26;43
1631013723783080;-40;-26;43
1631013723814330;-40;-26;44
1631013723845580;-41;-26;43
1631013723876830;-41;-26;43
1631013723908080;-40;-26;43
1631013723939330;-40;-26;44
1631013723970590;-40;-26;44
1631013724001840;-40;-26;43
1631013724033090;-40;-26;43
1631013724064340;-40;-26;43
1631013724095590;-40;-26;44
1631013724126840;-40;-26;44
1631013724158090;-40;-26;43
1631013724189350;-40;-26;44
1631013724220600;-40;-26;43
1631013724251850;-40;-26;43
1631013724283100;-40;-26;44
1631013724314350;-40;-26;43
1631013724345600;-40;-26;44
1631013724376850;-40;-26;43
1631013724408110;-40;-26;43
1631013724439360;-40;-26;43
1631013724470610;-40;-26;44
1631013724501860;-40;-26;43
1631013724533110;-40;-26;44
1631013724564360;-40;-26;43
1631013724595610;-40;-26;44
1631013724626870;-40;-26;43
1631013724658120;-41;-26;43
1631013724689370;-40;-26;43
1631013724720620;-40;-26;43
1631013724751870;-40;-26;44
1631013724783120;-40;-26;43
1631013724814370;-40;-26;43
1631013724845630;-41;-26;43
1631013724876880;-40;-26;43
1631013724908130;-40;-26;44
1631013724939380;-40;-26;44
1631013724970630;-40;-26;44
1631013725001880;-40;-26;43
1631013725033130;-40;-26;44
1631013725064390;-40;-26;44
1631013725095640;-40;-26;44
1631013725126890;-40;-26;43
1631013725158140;-40;-26;43
1631013725189390;-40;-26;44
1631013725220640;-40;-26;43
1631013725251890;-40;-26;43
1631013725283150;-40;-26;43
1631013725314400;-40;-26;44
1631013725345650;-40;-26;43
1631013725376900;-40;-26;44
1631013725408150;-40;-26;43
1631013725439400;-40;-26;44
1631013725470650;-40;-26;43
1631013725501910;-40;-26;44
1631013725533160;-40;-26;43
1631013725564410;-40;-26;43
1631013725595660;-40;-26;44
1631013725626910;-40;-26;43
1631013725658160;-40;-26;43
1631013725689410;-40;-26;43
1631013725720670;-40;-26;43
1631013725751920;-40;-26;43
1631013725783170;-41;-26;43
1631013725814420;-41;-26;43
1631013725845670;-40;-26;43
1631013725876920;-38;-26;44
1631013725908170;-39;-26;44
1631013725939430;-40;-26;44
1631013725970680;-42;-26;42
1631013726001930;-42;-26;42
1631013726033180;-41;-25;43
1631013726064430;-42;-25;43
1631013726095680;-44;-25;43
1631013726126940;-42;-26;42
1631013726158190;-38;-26;43
1631013726189440;-36;-28;44
1631013726220690;-40;-28;44
1631013726251940;-42;-28;44
1631013726283190;-42;-28;41
1631013726314440;-42;-27;41
1631013726345700;-42;-27;41
1631013726376950;-42;-27;43
1631013726408200;-41;-25;44
1631013726439450;-41;-26;43
1631013726470700;-40;-25;43
1631013726501950;-40;-25;43
1631013726533200;-39;-25;44
1631013726564460;-39;-26;44
1631013726595710;-39;-26;44
1631013726626960;-39;-26;43
1631013726658210;-41;-27;43
1631013726689460;-41;-27;43
1631013726720710;-41;-27;43
1631013726751960;-40;-26;43
1631013726783220;-40;-26;43
1631013726814470;-40;-27;43
1631013726845720;-40;-27;43
1631013726876970;-40;-26;43
1631013726908220;-41;-26;43
1631013726939470;-40;-26;43
1631013726970720;-41;-26;43
1631013727001980;-40;-26;43
1631013727033230;-41;-26;43
1631013727064480;-41;-27;42
1631013727095730;-41;-27;43
1631013727126980;-41;-26;43
1631013727158230;-41;-26;43
1631013727189480;-40;-26;43
1631013727220740;-41;-26;43
1631013727251990;-41;-26;43
1631013727283240;-41;-27;43
1631013727314490;-41;-27;42
1631013727345740;-41;-27;41
1631013727376990;-41;-27;41
1631013727408240;-39;-27;42
1631013727439500;-38;-27;43
1631013727470750;-38;-28;44
1631013727502000;-42;-28;44
1631013727533250;-45;-27;43
1631013727564500;-48;-25;43
1631013727595750;-40;-24;37
1631013727627000;-38;-25;38
1631013727658260;-35;-28;43
1631013727689510;-39;-29;47
1631013727720760;-41;-28;44
1631013727752010;-43;-28;40
1631013727783260;-41;-27;40
1631013727814510;-41;-27;41
1631013727845760;-40;-28;44
1631013727877020;-40;-28;45
1631013727908270;-41;-26;42
1631013727939520;-42;-26;41
1631013727970770;-42;-26;41
1631013728002020;-41;-27;43
1631013728033270;-40;-27;43
1631013728064520;-39;-27;43
1631013728095780;-40;-26;43
1631013728127030;-40;-26;43
1631013728158280;-40;-27;42
1631013728189530;-40;-27;43
1631013728220780;-41;-27;43
1631013728252030;-41;-28;43
1631013728283280;-41;-27;42
1631013728314540;-41;-27;42
1631013728345790;-41;-27;42
1631013728377040;-40;-27;42
1631013728408290;-41;-27;43
1631013728439540;-40;-27;43
1631013728470790;-40;-27;43
1631013728502050;-40;-27;43
1631013728533300;-40;-27;43
1631013728564550;-40;-27;43
1631013728595800;-40;-27;43
1631013728627050;-40;-27;43
1631013728658300;-40;-27;43
1631013728689550;-40;-27;43
1631013728720810;-40;-27;43
1631013728752060;-41;-27;43
1631013728783310;-41;-28;42
1631013728814560;-41;-27;42
1631013728845810;-40;-27;43
1631013728877060;-41;-27;42
1631013728908310;-41;-27;42
1631013728939570;-41;-27;42
1631013728970820;-41;-27;42
1631013729002070;-41;-27;43
1631013729033320;-40;-27;43
1631013729064570;-41;-27;43
1631013729095820;-41;-27;42
1631013729127070;-40;-27;42
1631013729158330;-41;-27;42
1631013729189580;-41;-27;42
1631013729220830;-41;-27;42
1631013729252080;-41;-27;42
1631013729283330;-41;-27;42
1631013729314580;-40;-27;42
1631013729345830;-41;-27;42
1631013729377090;-41;-27;42
1631013729408340;-41;-27;42
1631013729439590;-41;-27;42
1631013729470840;-41;-27;42
1631013729502090;-41;-27;42
1631013729533340;-41;-27;42
1631013729564590;-41;-27;42
1631013729595850;-41;-27;42
1631013729627100;-41;-27;42
1631013729658350;-40;-27;43
1631013729689600;-40;-27;43
1631013729720850;-41;-27;42
1631013729752100;-41;-27;42
1631013729783350;-41;-27;42
1631013729814610;-41;-27;43
1631013729845860;-41;-27;43
1631013729877110;-41;-27;42
1631013729908360;-41;-27;42
1631013729939610;-41;-27;42
1631013729970860;-41;-27;42
1631013730002110;-41;-27;43
1631013730033370;-40;-27;43
1631013730064620;-41;-27;42
1631013730095870;-40;-26;42
1631013730127120;-40;-27;43
1631013730158370;-39;-27;43
1631013730189620;-39;-27;44
1631013730220870;-39;-28;43
1631013730252130;-40;-28;43
1631013730283380;-41;-28;42
1631013730314630;-41;-27;42
1631013730345880;-41;-27;42
1631013730377130;-41;-27;42
1631013730408380;-41;-27;43
1631013730439630;-39;-28;43
1631013730470890;-39;-28;43
1631013730502140;-39;-27;43
1631013730533390;-40;-28;44
1631013730564640;-40;-27;43
1631013730595890;-40;-26;43
1631013730627140;-40;-27;43
1631013730658390;-40;-27;43
1631013730689650;-40;-27;43
1631013730720900;-40;-27;43
1631013730752150;-40;-27;43
1631013730783400;-40;-28;43
1631013730814650;-40;-27;43
1631013730845900;-39;-27;43
1631013730877160;-40;-27;44
1631013730908410;-41;-27;43
1631013730939660;-40;-27;42
1631013730970910;-40;-27;42
1631013731002160;-41;-27;43
1631013731033410;-40;-27;43
1631013731064660;-39;-27;43
1631013731095920;-39;-27;43
1631013731127170;-40;-27;43
1631013731158420;-41;-27;43
1631013731189670;-41;-27;42
1631013731220920;-40;-27;43
1631013731252170;-39;-27;43
1631013731283420;-39;-28;44
1631013731314680;-39;-28;43
1631013731345930;-41;-29;43
1631013731377180;-41;-28;43
1631013731408430;-40;-27;42
1631013731439680;-40;-26;43
1631013731470930;-40;-26;42
1631013731502180;-41;-26;42
1631013731533440;-40;-26;43
1631013731564690;-40;-27;43
1631013731595940;-41;-28;43
1631013731627190;-41;-28;43
1631013731658440;-40;-26;42
1631013731689690;-40;-27;42
1631013731720940;-40;-27;43
1631013731752200;-41;-28;43
1631013731783450;-41;-28;43
1631013731814700;-41;-26;42
1631013731845950;-40;-26;42
1631013731877200;-40;-26;43
1631013731908450;-39;-27;43
1631013731939700;-39;-28;44
1631013731970960;-40;-28;44
1631013732002210;-42;-27;42
1631013732033460;-41;-28;42
1631013732064710;-40;-28;42
1631013732095960;-41;-28;42
1631013732127210;-42;-28;41
1631013732158460;-43;-27;41
1631013732189720;-42;-27;41
1631013732220970;-41;-27;42
1631013732252220;-40;-27;43
1631013732283470;-42;-28;42
1631013732314720;-42;-27;41
1631013732345970;-40;-27;43
1631013732377220;-39;-26;45
1631013732408480;-40;-26;46
1631013732439730;-39;-28;42
1631013732470980;-37;-26;41
1631013732502230;-39;-26;44
1631013732533480;-40;-27;45
1631013732564730;-39;-27;45
1631013732595980;-40;-27;42
1631013732627240;-41;-27;42
1631013732658490;-40;-27;42
1631013732689740;-40;-28;44
1631013732720990;-39;-27;44
1631013732752240;-39;-27;43
1631013732783490;-39;-27;43
1631013732814740;-40;-27;44
1631013732846000;-40;-27;44
1631013732877250;-39;-27;43
1631013732908500;-39;-27;44
1631013732939750;-40;-27;44
1631013732971000;-39;-27;43
1631013733002250;-39;-27;44
1631013733033500;-39;-27;43
1631013733064760;-40;-27;43
1631013733096010;-40;-27;44
1631013733127260;-39;-27;43
1631013733158510;-40;-27;43
1631013733189760;-40;-27;44
1631013733221010;-40;-27;43
1631013733252260;-40;-27;43
1631013733283520;-39;-27;44
1631013733314770;-39;-27;44
1631013733346020;-40;-27;44
1631013733377270;-39;-27;44
1631013733408520;-39;-27;44
1631013733439770;-39;-27;44
1631013733471020;-39;-27;44
1631013733502280;-39;-27;44
1631013733533530;-39;-27;44
1631013733564780;-39;-27;44
1631013733596030;-39;-27;44
1631013733627280;-39;-27;44
1631013733658530;-39;-27;44
1631013733689790;-39;-27;44
1631013733721040;-40;-27;44
1631013733752290;-39;-27;43
1631013733783540;-39;-27;44
1631013733814790;-39;-27;44
1631013733846040;-39;-27;44
1631013733877290;-40;-27;43
1631013733908550;-39;-27;44
1631013733939800;-39;-27;44
1631013733971050;-40;-27;43
1631013734002300;-40;-27;44
1631013734033550;-39;-27;43
1631013734064800;-39;-27;43
1631013734096050;-39;-27;44
1631013734127310;-39;-27;44
1631013734158560;-39;-27;44
1631013734189810;-39;-27;44
1631013734221060;-39;-27;44
1631013734252310;-39;-26;44
1631013734283560;-39;-26;44
1631013734314810;-39;-27;44
1631013734346070;-40;-27;44
1631013734377320;-39;-28;44
1631013734408570;-39;-27;44
1631013734439820;-39;-27;44
1631013734471070;-39;-27;44
1631013734502320;-39;-27;44
1631013734533570;-39;-28;44
1631013734564830;-39;-27;44
1631013734596080;-39;-27;43
1631013734627330;-39;-26;44
1631013734658580;-39;-27;44
1631013734689830;-39;-27;44
1631013734721080;-39;-27;44
1631013734752330;-40;-27;44
1631013734783590;-40;-27;43
1631013734814840;-39;-27;44
1631013734846090;-39;-27;44
1631013734877340;-39;-27;44
1631013734908590;-40;-27;44
1631013734939840;-40;-27;44
1631013734971090;-39;-27;44
1631013735002350;-39;-27;44
1631013735033600;-39;-27;44
1631013735064850;-39;-27;44
1631013735096100;-39;-27;44
1631013735127350;-39;-27;44
1631013735158600;-39;-27;44
1631013735189850;-39;-27;44
1631013735221110;-39;-27;44
1631013735252360;-39;-27;44
1631013735283610;-39;-27;44
1631013735314860;-39;-27;44
1631013735346110;-39;-27;44
1631013735377360;-39;-27;44
1631013735408610;-39;-27;44
1631013735439870;-39;-27;43
1631013735471120;-39;-27;44
1631013735502370;-39;-27;44
1631013735533620;-39;-27;44
1631013735564870;-40;-27;43
1631013735596120;-40;-27;43
1631013735627370;-39;-27;44
1631013735658630;-39;-27;44
1631013735689880;-39;-27;44
1631013735721130;-39;-27;44
1631013735752380;-39;-27;44
1631013735783630;-39;-27;44
1631013735814880;-39;-27;44
1631013735846140;-39;-27;44
1631013735877390;-39;-27;44
1631013735908640;-39;-27;44
1631013735939890;-39;-27;44
1631013735971140;-39;-27;44
1631013736002390;-39;-27;44
1631013736033640;-39;-27;44
1631013736064900;-39;-27;44
1631013736096150;-39;-27;44
1631013736127400;-39;-27;44
1631013736158650;-39;-27;44
1631013736189900;-39;-27;44
1631013736221150;-39;-27;44
1631013736252400;-39;-27;44
1631013736283660;-39;-27;44
1631013736314910;-39;-27;44
1631013736346160;-39;-27;44
1631013736377410;-39;-27;44
1631013736408660;-39;-27;44
1631013736439910;-39;-27;44
1631013736471160;-39;-27;44
1631013736502420;-39;-27;44
1631013736533670;-39;-27;44
1631013736564920;-40;-27;43
1631013736596170;-39;-27;44
1631013736627420;-39;-27;44
1631013736658670;-39;-27;44
1631013736689920;-39;-27;44
1631013736721180;-39;-27;44
1631013736752430;-39;-27;44
1631013736783680;-39;-27;44
1631013736814930;-39;-27;44
1631013736846180;-39;-27;44
1631013736877430;-39;-27;43
1631013736908680;-39;-27;44
1631013736939940;-39;-27;44
1631013736971190;-39;-27;44
1631013737002440;-39;-27;44
1631013737033690;-39;-27;44
1631013737064940;-39;-27;44
1631013737096190;-39;-27;44
1631013737127440;-39;-27;44
1631013737158700;-39;-27;44
1631013737189950;-39;-27;44
1631013737221200;-39;-27;44
1631013737252450;-39;-27;44
1631013737283700;-39;-27;44
1631013737314950;-39;-27;44
1631013737346200;-39;-27;44
1631013737377460;-39;-27;44
1631013737408710;-39;-27;44
1631013737439960;-39;-27;44
1631013737471210;-39;-27;44
1631013737502460;-39;-27;44
1631013737533710;-39;-27;44
1631013737564960;-39;-27;44
1631013737596220;-39;-27;44
1631013737627470;-39;-27;44
1631013737658720;-39;-27;44
1631013737689970;-39;-27;44
1631013737721220;-39;-27;44
1631013737752470;-39;-27;44
1631013737783720;-39;-27;44
1631013737814980;-39;-27;44
1631013737846230;-39;-27;44
1631013737877480;-39;-27;44
1631013737908730;-39;-27;44
1631013737939980;-39;-27;44
1631013737971230;-39;-27;44
1631013738002480;-39;-27;44
1631013738033740;-39;-27;44
1631013738064990;-39;-27;44
1631013738096240;-39;-27;44
1631013738127490;-39;-27;44
1631013738158740;-39;-27;44
1631013738189990;-39;-27;44
1631013738221250;-39;-27;44
1631013738252500;-39;-27;44
1631013738283750;-39;-27;44
1631013738315000;-39;-27;44
1631013738346250;-39;-27;43
1631013738377500;-39;-27;43
1631013738408750;-39;-27;44
1631013738440010;-39;-27;44
1631013738471260;-39;-27;44
1631013738502510;-39;-27;44
1631013738533760;-39;-27;44
1631013738565010;-39;-27;44
1631013738596260;-39;-27;44
1631013738627510;-39;-27;44
1631013738658770;-39;-27;44
1631013738690020;-39;-27;44
1631013738721270;-39;-27;44
1631013738752520;-39;-27;44
1631013738783770;-39;-27;44
1631013738815020;-39;-27;44
1631013738846270;-39;-27;44
1631013738877530;-39;-27;44
1631013738908780;-39;-27;44
1631013738940030;-39;-27;44
1631013738971280;-39;-27;44
1631013739002530;-39;-27;44
1631013739033780;-39;-27;44
1631013739065030;-39;-27;44
1631013739096290;-39;-27;44
1631013739127540;-39;-27;44
1631013739158790;-39;-27;44
1631013739190040;-39;-27;44
1631013739221290;-39;-27;44
1631013739252540;-39;-27;44
1631013739283790;-39;-27;44
1631013739315050;-39;-27;44
1631013739346300;-39;-27;43
1631013739377550;-40;-27;43
1631013739408800;-39;-27;44
1631013739440050;-39;-27;44
1631013739471300;-39;-27;44
1631013739502550;-39;-27;44
1631013739533810;-39;-27;44
1631013739565060;-39;-27;44
1631013739596310;-39;-27;44
1631013739627560;-39;-27;44
1631013739658810;-39;-27;44
1631013739690060;-39;-27;44
1631013739721310;-39;-27;44
1631013739752570;-39;-27;44
1631013739783820;-39;-27;44
1631013739815070;-39;-27;44
1631013739846320;-39;-27;44
1631013739877570;-39;-27;44
1631013739908820;-39;-27;44
1631013739940070;-39;-27;44
1631013739971330;-39;-27;44
1631013740002580;-39;-27;44
1631013740033830;-39;-27;44
1631013740065080;-39;-27;44
1631013740096330;-39;-27;44
1631013740127580;-39;-27;44
1631013740158830;-39;-27;44
1631013740190090;-39;-27;44
1631013740221340;-39;-27;44
1631013740252590;-39;-27;44
1631013740283840;-39;-27;44
1631013740315090;-39;-27;44
1631013740346340;-39;-27;44
1631013740377590;-39;-27;44
1631013740408850;-39;-27;44
1631013740440100;-39;-27;44
1631013740471350;-39;-27;44
1631013740502600;-39;-27;44
1631013740533850;-39;-27;44
1631013740565100;-39;-27;44
1631013740596350;-39;-27;44
1631013740627610;-39;-27;44
1631013740658860;-39;-27;44
1631013740690110;-39;-27;44
1631013740721360;-39;-27;44
1631013740752610;-39;-27;44
1631013740783860;-39;-27;44
1631013740815120;-39;-27;44
1631013740846370;-39;-27;44
1631013740877620;-39;-27;44
1631013740908870;-39;-27;44
1631013740940120;-39;-27;44
1631013740971370;-39;-27;44
1631013741002620;-39;-27;44
1631013741033880;-39;-27;44
1631013741065130;-39;-27;44
1631013741096380;-39;-27;44
1631013741127630;-39;-27;44
1631013741158880;-39;-27;44
1631013741190130;-39;-27;44
1631013741221380;-39;-27;44
1631013741252640;-39;-27;44
1631013741283890;-39;-27;44
1631013741315140;-39;-27;44
1631013741346390;-39;-27;44
1631013741377640;-39;-27;44
1631013741408890;-39;-27;44
1631013741440140;-39;-27;43
1631013741471400;-39;-27;44
1631013741502650;-38;-27;43
1631013741533900;-39;-27;44
1631013741565150;-39;-27;44
1631013741596400;-39;-27;44
1631013741627650;-39;-27;43
1631013741658900;-40;-28;43
1631013741690160;-39;-28;44
1631013741721410;-38;-27;44
1631013741752660;-39;-27;44
1631013741783910;-38;-27;44
1631013741815160;-38;-27;44
1631013741846410;-39;-27;44
1631013741877660;-40;-27;44
1631013741908920;-40;-27;44
1631013741940170;-39;-27;44
1631013741971420;-39;-27;44
1631013742002670;-39;-27;44
1631013742033920;-39;-28;44
1631013742065170;-39;-27;44
1631013742096420;-39;-27;44
1631013742127680;-39;-27;44
1631013742158930;-39;-27;43
1631013742190180;-39;-27;44
1631013742221430;-39;-27;44
1631013742252680;-39;-27;44
1631013742283930;-39;-27;44
1631013742315180;-39;-27;44
1631013742346440;-39;-27;44
1631013742377690;-39;-27;44
1631013742408940;-39;-28;44
1631013742440190;-39;-28;44
1631013742471440;-39;-27;43
1631013742502690;-39;-27;43
1631013742533940;-39;-27;44
1631013742565200;-39;-27;44
1631013742596450;-39;-27;44
1631013742627700;-39;-27;44
1631013742658950;-39;-27;44
1631013742690200;-39;-27;44
1631013742721450;-39;-27;43
1631013742752700;-39;-27;44
1631013742783960;-39;-27;44
1631013742815210;-39;-27;44
1631013742846460;-39;-27;44
1631013742877710;-39;-27;43
1631013742908960;-39;-27;44
1631013742940210;-39;-28;44
1631013742971460;-39;-27;44
1631013743002720;-39;-27;43
1631013743033970;-39;-27;44
1631013743065220;-39;-27;44
1631013743096470;-39;-27;43
1631013743127720;-39;-27;44
1631013743158970;-39;-27;44
1631013743190230;-39;-27;44
1631013743221480;-39;-27;44
1631013743252730;-39;-27;44
1631013743283980;-39;-27;43
1631013743315230;-39;-27;43
1631013743346480;-39;-27;44
1631013743377730;-39;-27;44
1631013743408990;-39;-27;44
1631013743440240;-39;-27;44
1631013743471490;-39;-27;44
1631013743502740;-39;-27;44
1631013743533990;-39;-27;44
1631013743565240;-39;-27;44
1631013743596490;-39;-27;44
1631013743627750;-39;-27;44
1631013743659000;-39;-27;44
1631013743690250;-39;-27;44
1631013743721500;-39;-27;44
1631013743752750;-39;-27;44
1631013743784000;-39;-27;44
1631013743815250;-39;-27;44
1631013743846510;-39;-27;44
1631013743877760;-39;-27;44
1631013743909010;-39;-28;44
1631013743940260;-39;-27;44
1631013743971510;-39;-27;44
1631013744002760;-39;-27;44
1631013744034010;-39;-27;44
1631013744065270;-39;-27;44
1631013744096520;-39;-28;44
1631013744127770;-39;-27;44
1631013744159020;-39;-27;43
1631013744190270;-39;-27;44
1631013744221520;-39;-27;44
1631013744252770;-39;-27;44
1631013744284030;-39;-27;44
1631013744315280;-39;-27;43
1631013744346530;-39;-27;44
1631013744377780;-39;-27;44
1631013744409030;-39;-27;44
1631013744440280;-39;-27;43
1631013744471530;-39;-27;44
1631013744502790;-39;-27;44
1631013744534040;-39;-27;44
1631013744565290;-39;-27;44
1631013744596540;-39;-27;44
1631013744627790;-39;-27;44
1631013744659040;-39;-27;44
1631013744690290;-39;-27;44
1631013744721550;-39;-27;44
1631013744752800;-39;-27;44
1631013744784050;-39;-27;44
1631013744815300;-39;-27;44
1631013744846550;-39;-27;44
1631013744877800;-39;-27;44
1631013744909050;-40;-27;44
1631013744940310;-39;-27;44
1631013744971560;-39;-27;44
1631013745002810;-39;-28;44
1631013745034060;-39;-27;44
1631013745065310;-39;-27;44
1631013745096560;-39;-27;44
1631013745127810;-39;-27;44
1631013745159070;-39;-27;44
1631013745190320;-39;-27;44
1631013745221570;-39;-27;44
1631013745252820;-39;-27;44
1631013745284070;-39;-27;44
1631013745315320;-39;-27;44
1631013745346570;-39;-27;44
1631013745377830;-39;-27;44
1631013745409080;-39;-27;44
1631013745440330;-39;-27;44
1631013745471580;-39;-27;44
1631013745502830;-39;-27;44
1631013745534080;-39;-27;44
1631013745565340;-39;-27;44
1631013745596590;-39;-27;44
1631013745627840;-39;-27;44
1631013745659090;-39;-27;44
1631013745690340;-39;-27;44
1631013745721590;-39;-27;44
1631013745752840;-39;-27;44
1631013745784100;-39;-27;44
1631013745815350;-39;-27;44
1631013745846600;-39;-27;44
1631013745877850;-39;-27;44
1631013745909100;-39;-27;44
1631013745940350;-39;-27;44
1631013745971600;-39;-27;44
1631013746002860;-39;-28;44
1631013746034110;-40;-27;43
1631013746065360;-39;-27;43
1631013746096610;-39;-27;44
1631013746127860;-39;-27;44
1631013746159110;-39;-27;44
1631013746190360;-39;-27;44
1631013746221620;-39;-27;43
1631013746252870;-39;-27;44
1631013746284120;-39;-27;44
1631013746315370;-39;-27;44
1631013746346620;-39;-28;44
1631013746377870;-39;-27;44
1631013746409120;-39;-27;44
1631013746440380;-38;-27;44
1631013746471630;-39;-27;44
1631013746502880;-40;-28;44
1631013746534130;-40;-28;44
1631013746565380;-39;-27;44
1631013746596630;-39;-27;44
1631013746627880;-39;-27;44
1631013746659140;-38;-27;44
1631013746690390;-38;-27;44
1631013746721640;-37;-27;44
1631013746752890;-39;-28;43
1631013746784140;-40;-27;43
1631013746815390;-41;-27;43
1631013746846640;-40;-27;43
1631013746877900;-40;-27;44
1631013746909150;-40;-28;44
1631013746940400;-41;-28;43
1631013746971650;-38;-28;44
1631013747002900;-34;-28;44
1631013747034150;-37;-28;44
1631013747065400;-41;-29;44
1631013747096660;-41;-29;42
1631013747127910;-40;-28;41
1631013747159160;-39;-28;43
1631013747190410;-39;-28;45
1631013747221660;-38;-28;45
1631013747252910;-38;-27;44
1631013747284160;-38;-27;44
1631013747315420;-38;-27;44
1631013747346670;-38;-26;44
1631013747377920;-38;-26;44
1631013747409170;-38;-27;45
1631013747440420;-38;-28;45
1631013747471670;-39;-28;45
1631013747502920;-38;-28;44
1631013747534180;-38;-28;44
1631013747565430;-38;-28;44
1631013747596680;-39;-27;43
1631013747627930;-39;-28;43
1631013747659180;-39;-28;44
1631013747690430;-39;-28;44
1631013747721680;-39;-27;44
1631013747752940;-39;-27;44
1631013747784190;-39;-27;44
1631013747815440;-38;-27;44
1631013747846690;-37;-28;44
1631013747877940;-37;-28;44
1631013747909190;-38;-28;44
1631013747940440;-39;-28;44
1631013747971700;-39;-28;43
1631013748002950;-39;-28;43
1631013748034200;-40;-28;43
1631013748065450;-39;-28;44
1631013748096700;-39;-28;44
1631013748127950;-39;-28;44
1631013748159210;-39;-28;44
1631013748190460;-39;-28;44
1631013748221710;-38;-28;43
1631013748252960;-39;-28;43
1631013748284210;-39;-28;43
1631013748315460;-40;-28;43
1631013748346710;-39;-28;43
1631013748377970;-39;-28;43
1631013748409220;-39;-28;44
1631013748440470;-39;-28;44
1631013748471720;-39;-28;44
1631013748502970;-39;-28;44
1631013748534220;-39;-28;43
1631013748565470;-39;-28;44
1631013748596730;-38;-28;44
1631013748627980;-38;-28;44
1631013748659230;-39;-28;44
1631013748690480;-39;-28;43
1631013748721730;-39;-28;44
1631013748752980;-39;-28;44
1631013748784230;-38;-28;44
1631013748815490;-38;-28;44
1631013748846740;-38;-28;44
1631013748877990;-39;-28;44
1631013748909240;-39;-28;44
1631013748940490;-38;-27;44
1631013748971740;-39;-27;44
1631013749002990;-39;-28;44
1631013749034250;-39;-28;44
1631013749065500;-39;-28;44
1631013749096750;-37;-27;44
1631013749128000;-38;-28;44
1631013749159250;-38;-28;44
1631013749190500;-39;-28;44
1631013749221750;-39;-28;44
1631013749253010;-39;-28;43
1631013749284260;-38;-28;44
1631013749315510;-38;-27;44
1631013749346760;-38;-27;44
1631013749378010;-38;-27;44
1631013749409260;-38;-27;44
1631013749440510;-39;-27;44
1631013749471770;-38;-28;45
1631013749503020;-39;-28;45
1631013749534270;-39;-27;45
1631013749565520;-39;-27;44
1631013749596770;-38;-28;44
1631013749628020;-38;-27;44
1631013749659270;-38;-27;44
1631013749690530;-39;-28;44
1631013749721780;-39;-28;44
1631013749753030;-39;-28;45
1631013749784280;-38;-27;45
1631013749815530;-37;-26;46
1631013749846780;-37;-26;45
1631013749878030;-37;-26;45
1631013749909290;-37;-26;46
1631013749940540;-37;-26;46
1631013749971790;-38;-27;45
1631013750003040;-38;-27;45
1631013750034290;-37;-27;45
1631013750065540;-37;-27;45
1631013750096790;-37;-27;46
1631013750128050;-37;-27;46
1631013750159300;-37;-27;45
1631013750190550;-37;-27;45
1631013750221800;-38;-27;45
1631013750253050;-38;-27;45
1631013750284300;-37;-27;45
1631013750315550;-38;-27;45
1631013750346810;-38;-27;45
1631013750378060;-37;-27;45
1631013750409310;-37;-27;45
1631013750440560;-37;-27;45
1631013750471810;-36;-26;45
1631013750503060;-37;-27;45
1631013750534320;-38;-28;45
1631013750565570;-41;-30;45
1631013750596820;-41;-29;45
1631013750628070;-40;-27;43
1631013750659320;-38;-26;44
1631013750690570;-37;-26;45
1631013750721820;-37;-26;46
1631013750753080;-38;-27;46
1631013750784330;-38;-26;46
1631013750815580;-38;-25;45
1631013750846830;-39;-25;44
1631013750878080;-40;-26;45
1631013750909330;-39;-29;44
1631013750940580;-38;-28;43
1631013750971840;-38;-29;43
1631013751003090;-39;-28;42
1631013751034340;-38;-27;43
1631013751065590;-34;-26;46
1631013751096840;-35;-27;48
1631013751128090;-39;-28;46
1631013751159340;-42;-25;44
1631013751190600;-39;-25;44
1631013751221850;-38;-26;40
1631013751253100;-35;-28;43
1631013751284350;-35;-29;47
1631013751315600;-42;-31;47
1631013751346850;-41;-29;41
1631013751378100;-38;-28;41
1631013751409360;-36;-28;43
1631013751440610;-37;-29;44
1631013751471860;-39;-29;46
1631013751503110;-39;-28;44
1631013751534360;-40;-27;43
1631013751565610;-40;-28;43
1631013751596860;-38;-28;45
1631013751628120;-38;-28;45
1631013751659370;-39;-27;44
1631013751690620;-38;-28;43
1631013751721870;-38;-28;43
1631013751753120;-38;-28;44
1631013751784370;-38;-28;44
1631013751815620;-39;-28;44
1631013751846880;-38;-28;44
1631013751878130;-38;-28;44
1631013751909380;-38;-27;44
1631013751940630;-39;-27;44
1631013751971880;-39;-28;44
1631013752003130;-39;-28;44
1631013752034380;-38;-28;44
1631013752065640;-38;-28;44
1631013752096890;-38;-28;44
1631013752128140;-39;-28;44
1631013752159390;-38;-28;44
1631013752190640;-38;-28;44
1631013752221890;-38;-28;44
1631013752253140;-38;-28;44
1631013752284400;-39;-28;44
1631013752315650;-38;-28;44
1631013752346900;-38;-28;44
1631013752378150;-38;-28;44
1631013752409400;-39;-28;44
1631013752440650;-39;-28;43
1631013752471900;-39;-28;44
1631013752503160;-39;-28;44
1631013752534410;-38;-28;44
1631013752565660;-38;-28;44
1631013752596910;-39;-28;44
1631013752628160;-39;-28;44
1631013752659410;-39;-28;44
1631013752690670;-39;-28;44
1631013752721920;-38;-28;44
1631013752753170;-39;-28;44
1631013752784420;-38;-28;44
1631013752815670;-39;-28;44
1631013752846920;-38;-28;44
1631013752878170;-39;-28;44
1631013752909430;-39;-28;44
1631013752940680;-39;-28;44
1631013752971930;-38;-28;44
1631013753003180;-38;-28;44
1631013753034430;-38;-28;44
1631013753065680;-39;-28;44
1631013753096930;-38;-28;44
1631013753128190;-38;-28;44
1631013753159440;-38;-28;44
1631013753190690;-38;-28;44
1631013753221940;-38;-28;44
1631013753253190;-38;-27;44
1631013753284440;-38;-28;44
1631013753315690;-39;-28;44
1631013753346950;-38;-28;44
1631013753378200;-39;-28;44
1631013753409450;-38;-28;44
1631013753440700;-38;-28;44
1631013753471950;-39;-28;44
1631013753503200;-38;-28;44
1631013753534450;-39;-28;44
1631013753565710;-39;-28;44
1631013753596960;-38;-28;44
1631013753628210;-39;-28;44
1631013753659460;-39;-28;44
1631013753690710;-39;-27;44
1631013753721960;-38;-28;44
1631013753753210;-38;-28;44
1631013753784470;-38;-28;44
1631013753815720;-40;-28;44
1631013753846970;-39;-28;43
1631013753878220;-39;-28;44
1631013753909470;-38;-28;44
1631013753940720;-38;-28;44
1631013753971970;-38;-27;44
1631013754003230;-38;-27;44
1631013754034480;-39;-27;44
1631013754065730;-39;-28;44
1631013754096980;-39;-28;44
1631013754128230;-38;-27;44
1631013754159480;-38;-27;44
1631013754190730;-39;-28;44
1631013754221990;-39;-28;44
1631013754253240;-39;-28;44
1631013754284490;-38;-28;44
1631013754315740;-38;-28;44
1631013754346990;-38;-28;44
1631013754378240;-39;-27;44
1631013754409490;-38;-27;44
1631013754440750;-39;-27;44
1631013754472000;-38;-27;44
1631013754503250;-38;-28;44
1631013754534500;-39;-28;44
1631013754565750;-39;-28;44
1631013754597000;-39;-27;44
1631013754628250;-38;-28;44
1631013754659510;-38;-28;44
1631013754690760;-38;-28;44
1631013754722010;-39;-28;44
1631013754753260;-39;-27;43
1631013754784510;-39;-28;44
1631013754815760;-38;-28;44
1631013754847010;-38;-28;44
1631013754878270;-38;-28;44
1631013754909520;-38;-27;44
1631013754940770;-39;-28;44
1631013754972020;-38;-27;44
1631013755003270;-38;-28;44
1631013755034520;-38;-27;44
1631013755065770;-38;-27;44
1631013755097030;-38;-27;44
1631013755128280;-39;-28;44
1631013755159530;-39;-28;44
1631013755190780;-39;-28;43
1631013755222030;-39;-28;44
1631013755253280;-39;-28;44
1631013755284530;-38;-28;44
1631013755315790;-39;-28;44
1631013755347040;-39;-28;44
1631013755378290;-39;-28;44
1631013755409540;-39;-28;44
1631013755440790;-39;-28;44
1631013755472040;-39;-28;44
1631013755503300;-39;-28;44
1631013755534550;-39;-27;44
1631013755565800;-38;-28;44
1631013755597050;-38;-28;44
1631013755628300;-39;-28;44
1631013755659550;-39;-28;43
1631013755690800;-39;-28;44
1631013755722060;-39;-28;44
1631013755753310;-38;-28;44
1631013755784560;-39;-28;44
1631013755815810;-39;-28;43
1631013755847060;-39;-28;44
1631013755878310;-38;-28;44
1631013755909560;-39;-28;44
1631013755940820;-39;-28;43
1631013755972070;-39;-28;44
1631013756003320;-39;-28;44
1631013756034570;-39;-28;44
1631013756065820;-39;-28;44
1631013756097070;-39;-28;44
1631013756128320;-39;-28;44
1631013756159580;-39;-28;44
1631013756190830;-39;-28;44
1631013756222080;-39;-28;44
1631013756253330;-39;-28;44
1631013756284580;-39;-28;44
1631013756315830;-39;-28;44
1631013756347080;-39;-28;43
1631013756378340;-39;-28;44
1631013756409590;-39;-28;44
1631013756440840;-39;-28;44
1631013756472090;-38;-28;44
1631013756503340;-39;-28;44
1631013756534590;-39;-28;44
1631013756565840;-39;-28;44
1631013756597100;-39;-28;44
1631013756628350;-39;-28;44
1631013756659600;-39;-28;44
1631013756690850;-39;-28;44
1631013756722100;-38;-28;44
1631013756753350;-38;-28;44
1631013756784600;-39;-28;44
1631013756815860;-39;-28;44
1631013756847110;-39;-28;44
1631013756878360;-39;-28;44
1631013756909610;-38;-28;44
1631013756940860;-39;-28;43
1631013756972110;-39;-28;44
1631013757003360;-38;-28;44
1631013757034620;-39;-28;44
1631013757065870;-38;-28;44
1631013757097120;-39;-28;44
1631013757128370;-39;-28;44
1631013757159620;-39;-28;44
1631013757190870;-38;-28;44
1631013757222120;-39;-28;44
1631013757253380;-38;-28;44
1631013757284630;-38;-28;44
1631013757315880;-38;-28;44
1631013757347130;-39;-28;44
1631013757378380;-38;-28;44
1631013757409630;-38;-28;44
1631013757440880;-38;-28;44
1631013757472140;-39;-28;44
1631013757503390;-39;-28;44
1631013757534640;-39;-28;44
1631013757565890;-38;-28;44
1631013757597140;-38;-28;44
1631013757628390;-38;-28;44
1631013757659640;-39;-28;44
1631013757690900;-39;-28;44
1631013757722150;-38;-28;44
1631013757753400;-38;-28;44
1631013757784650;-39;-28;44
1631013757815900;-39;-28;44
1631013757847150;-39;-28;44
1631013757878410;-38;-28;44
1631013757909660;-38;-28;44
1631013757940910;-39;-28;44
1631013757972160;-39;-28;44
1631013758003410;-38;-28;44
1631013758034660;-39;-28;44
1631013758065910;-39;-28;44
1631013758097170;-39;-28;44
1631013758128420;-38;-28;44
1631013758159670;-39;-28;44
1631013758190920;-39;-28;44
1631013758222170;-38;-28;44
1631013758253420;-39;-28;44
1631013758284670;-39;-28;44
1631013758315930;-38;-28;44
1631013758347180;-38;-28;44
1631013758378430;-38;-28;44
1631013758409680;-39;-28;44
1631013758440930;-39;-28;44
1631013758472180;-39;-28;44
1631013758503430;-39;-28;44
1631013758534690;-39;-28;44
1631013758565940;-38;-28;44
1631013758597190;-38;-28;44
1631013758628440;-39;-28;44
1631013758659690;-38;-28;44
1631013758690940;-39;-28;44
1631013758722190;-38;-28;44
1631013758753450;-38;-28;44
1631013758784700;-39;-28;44
1631013758815950;-38;-28;44
1631013758847200;-39;-28;44
1631013758878450;-39;-28;44
1631013758909700;-39;-28;44
1631013758940950;-38;-28;44
1631013758972210;-38;-28;44
1631013759003460;-38;-28;44
1631013759034710;-38;-28;44
1631013759065960;-38;-28;44
1631013759097210;-38;-28;44
1631013759128460;-38;-28;44
1631013759159710;-39;-28;44
1631013759190970;-38;-28;44
1631013759222220;-39;-28;44
1631013759253470;-39;-28;44
1631013759284720;-38;-28;44
1631013759315970;-38;-28;44
1631013759347220;-38;-28;44
1631013759378470;-39;-28;44
1631013759409730;-38;-28;44
1631013759440980;-38;-28;44
1631013759472230;-38;-28;44
1631013759503480;-38;-27;44
1631013759534730;-38;-28;44
1631013759565980;-39;-28;44
1631013759597230;-38;-28;44
1631013759628490;-38;-28;44
1631013759659740;-38;-28;44
1631013759690990;-39;-28;44
1631013759722240;-39;-28;44
1631013759753490;-38;-28;44
1631013759784740;-38;-28;44
1631013759815990;-38;-28;44
1631013759847250;-37;-26;43
1631013759878500;-38;-26;43
1631013759909750;-39;-28;44
1631013759941000;-41;-29;43
1631013759972250;-41;-29;43
1631013760003500;-37;-27;43
1631013760034750;-36;-27;45
1631013760066010;-39;-28;45
1631013760097260;-39;-28;45
1631013760128510;-38;-28;44
1631013760159760;-38;-27;43
1631013760191010;-38;-28;44
1631013760222260;-39;-29;44
1631013760253520;-39;-29;43
1631013760284770;-39;-28;44
1631013760316020;-37;-28;44
1631013760347270;-37;-28;45
1631013760378520;-37;-28;45
1631013760409770;-37;-28;45
1631013760441020;-38;-28;45
1631013760472280;-38;-28;44
1631013760503530;-38;-28;44
1631013760534780;-38;-28;45
1631013760566030;-37;-28;45
1631013760597280;-37;-29;45
1631013760628530;-37;-29;44
1631013760659780;-37;-28;44
1631013760691040;-38;-28;44
1631013760722290;-39;-28;44
1631013760753540;-38;-28;44
1631013760784790;-38;-27;44
1631013760816040;-38;-28;44
1631013760847290;-38;-27;44
1631013760878540;-38;-28;45
1631013760909800;-38;-28;45
1631013760941050;-37;-29;44
1631013760972300;-38;-28;44
1631013761003550;-38;-28;44
1631013761034800;-37;-28;44
1631013761066050;-37;-28;44
1631013761097300;-38;-28;44
1631013761128560;-39;-28;44
1631013761159810;-39;-28;44
1631013761191060;-38;-28;44
1631013761222310;-38;-28;44
1631013761253560;-38;-28;44
1631013761284810;-39;-29;44
1631013761316060;-39;-28;44
1631013761347320;-39;-28;44
1631013761378570;-39;-27;44
1631013761409820;-39;-27;44
1631013761441070;-38;-27;44
1631013761472320;-38;-28;44
1631013761503570;-38;-28;44
1631013761534820;-39;-28;44
1631013761566080;-39;-28;44
1631013761597330;-39;-28;43
1631013761628580;-38;-28;43
1631013761659830;-37;-28;43
1631013761691080;-38;-29;44
1631013761722330;-37;-28;44
1631013761753580;-37;-28;45
1631013761784840;-39;-28;45
1631013761816090;-40;-28;43
1631013761847340;-41;-27;43
1631013761878590;-36;-26;46
1631013761909840;-37;-27;45
1631013761941090;-39;-28;44
1631013761972340;-39;-29;43
1631013762003600;-39;-29;43
1631013762034850;-38;-28;44
1631013762066100;-37;-29;44
1631013762097350;-37;-29;43
1631013762128600;-36;-30;45
1631013762159850;-37;-30;46
1631013762191100;-37;-29;46
1631013762222360;-38;-28;44
1631013762253610;-39;-28;44
1631013762284860;-40;-28;44
1631013762316110;-37;-27;44
1631013762347360;-36;-28;44
1631013762378610;-37;-29;45
1631013762409860;-38;-29;44
1631013762441120;-38;-29;44
1631013762472370;-37;-28;44
1631013762503620;-37;-28;44
1631013762534870;-37;-28;45
1631013762566120;-38;-28;45
1631013762597370;-38;-28;44
1631013762628620;-38;-28;44
1631013762659880;-38;-28;44
1631013762691130;-38;-28;44
1631013762722380;-39;-28;44
1631013762753630;-39;-27;44
1631013762784880;-39;-28;44
1631013762816130;-38;-28;44
1631013762847390;-38;-28;44
1631013762878640;-37;-28;44
1631013762909890;-37;-29;44
1631013762941140;-38;-29;44
1631013762972390;-38;-29;44
1631013763003640;-38;-28;44
1631013763034890;-38;-28;44
1631013763066150;-39;-28;44
1631013763097400;-40;-28;43
1631013763128650;-40;-28;43
1631013763159900;-39;-29;43
1631013763191150;-38;-29;44
1631013763222400;-37;-29;44
1631013763253650;-37;-29;44
1631013763284910;-38;-29;44
1631013763316160;-38;-29;44
1631013763347410;-38;-28;43
1631013763378660;-38;-28;44
1631013763409910;-38;-29;45
1631013763441160;-39;-29;44
1631013763472410;-39;-28;43
1631013763503670;-38;-29;43
1631013763534920;-38;-29;44
1631013763566170;-38;-29;44
1631013763597420;-38;-29;43
1631013763628670;-38;-29;43
1631013763659920;-39;-28;43
1631013763691170;-38;-28;44
1631013763722430;-38;-28;44
1631013763753680;-39;-29;44
1631013763784930;-39;-29;44
1631013763816180;-39;-29;43
1631013763847430;-38;-28;43
1631013763878680;-38;-28;43
1631013763909930;-38;-29;44
1631013763941190;-38;-29;44
1631013763972440;-38;-29;43
1631013764003690;-39;-29;42
1631013764034940;-39;-28;43
1631013764066190;-39;-28;43
1631013764097440;-38;-29;44
1631013764128690;-38;-29;44
1631013764159950;-39;-29;43
1631013764191200;-38;-29;43
1631013764222450;-38;-29;43
1631013764253700;-39;-29;43
1631013764284950;-38;-29;43
1631013764316200;-38;-29;43
1631013764347450;-39;-29;43
1631013764378710;-39;-29;43
1631013764409960;-39;-29;43
1631013764441210;-39;-29;43
1631013764472460;-38;-29;43
1631013764503710;-39;-29;43
1631013764534960;-39;-29;43
1631013764566210;-39;-29;43
1631013764597470;-40;-29;43
1631013764628720;-40;-29;42
1631013764659970;-39;-28;43
1631013764691220;-38;-28;43
1631013764722470;-37;-28;44
1631013764753720;-39;-30;44
1631013764784970;-38;-29;42
1631013764816230;-38;-29;42
1631013764847480;-39;-29;44
1631013764878730;-39;-29;44
1631013764909980;-39;-28;43
1631013764941230;-39;-29;43
1631013764972480;-39;-29;43
1631013765003740;-38;-29;44
1631013765034990;-38;-29;43
1631013765066240;-38;-29;43
1631013765097490;-38;-29;44
1631013765128740;-38;-29;44
1631013765159990;-38;-29;43
1631013765191240;-38;-29;43
1631013765222500;-39;-28;44
1631013765253750;-38;-28;44
1631013765285000;-38;-29;44
1631013765316250;-38;-29;43
1631013765347500;-38;-29;44
1631013765378750;-38;-29;43
1631013765410000;-38;-29;43
1631013765441260;-38;-29;43
1631013765472510;-39;-29;43
1631013765503760;-38;-29;44
1631013765535010;-38;-29;44
1631013765566260;-38;-29;44
1631013765597510;-38;-29;43
1631013765628760;-39;-29;43
1631013765660020;-39;-29;43
1631013765691270;-38;-29;44
1631013765722520;-38;-29;44
1631013765753770;-39;-29;43
1631013765785020;-38;-29;43
1631013765816270;-38;-29;43
1631013765847520;-38;-29;44
1631013765878780;-38;-29;44
1631013765910030;-38;-29;44
1631013765941280;-38;-29;44
1631013765972530;-38;-29;43
1631013766003780;-38;-29;43
1631013766035030;-38;-29;44
1631013766066280;-38;-29;43
1631013766097540;-38;-29;43
1631013766128790;-38;-29;44
1631013766160040;-38;-29;43
1631013766191290;-38;-29;44
1631013766222540;-38;-29;44
1631013766253790;-38;-29;44
1631013766285040;-38;-28;44
1631013766316300;-38;-29;44
1631013766347550;-38;-29;43
1631013766378800;-38;-29;43
1631013766410050;-38;-29;44
1631013766441300;-38;-29;44
1631013766472550;-38;-28;43
1631013766503800;-38;-28;43
1631013766535060;-38;-28;44
1631013766566310;-38;-29;44
1631013766597560;-38;-29;44
1631013766628810;-39;-29;43
1631013766660060;-39;-29;43
1631013766691310;-38;-29;43
1631013766722560;-38;-29;44
1631013766753820;-38;-29;44
1631013766785070;-38;-29;44
1631013766816320;-38;-29;43
1631013766847570;-38;-29;44
1631013766878820;-38;-29;44
1631013766910070;-38;-28;43
1631013766941320;-38;-28;43
1631013766972580;-39;-29;44
1631013767003830;-38;-29;43
1631013767035080;-38;-29;44
1631013767066330;-38;-29;44
1631013767097580;-38;-29;44
1631013767128830;-38;-29;44
1631013767160080;-38;-29;44
1631013767191340;-38;-28;43
1631013767222590;-38;-29;43
1631013767253840;-38;-29;44
1631013767285090;-38;-28;44
1631013767316340;-38;-29;44
1631013767347590;-38;-28;44
1631013767378840;-38;-29;44
1631013767410100;-38;-29;44
1631013767441350;-38;-29;43
1631013767472600;-38;-29;44
1631013767503850;-38;-29;44
1631013767535100;-38;-29;44
1631013767566350;-38;-29;44
1631013767597600;-38;-29;44
1631013767628860;-38;-28;44
1631013767660110;-38;-29;44
1631013767691360;-38;-29;43
1631013767722610;-39;-29;43
1631013767753860;-39;-29;43
1631013767785110;-38;-29;44
1631013767816370;-38;-29;44
1631013767847620;-38;-29;43
1631013767878870;-39;-29;44
1631013767910120;-38;-28;44
1631013767941370;-38;-29;44
1631013767972620;-38;-29;44
1631013768003870;-38;-29;44
1631013768035130;-38;-29;44
1631013768066380;-38;-28;44
1631013768097630;-38;-29;44
1631013768128880;-38;-29;44
1631013768160130;-38;-29;43
1631013768191380;-38;-29;44
1631013768222630;-38;-29;44
1631013768253890;-38;-29;44
1631013768285140;-38;-29;44
1631013768316390;-38;-29;43
1631013768347640;-38;-29;43
1631013768378890;-38;-29;43
1631013768410140;-38;-29;44
1631013768441390;-38;-28;44
1631013768472650;-38;-29;43
1631013768503900;-39;-29;43
1631013768535150;-39;-29;44
1631013768566400;-38;-28;43
1631013768597650;-38;-29;44
1631013768628900;-38;-29;44
1631013768660150;-39;-29;43
1631013768691410;-38;-28;43
1631013768722660;-38;-29;43
1631013768753910;-38;-29;44
1631013768785160;-38;-29;44
1631013768816410;-38;-29;43
1631013768847660;-38;-29;44
1631013768878910;-38;-29;44
1631013768910170;-38;-29;44
1631013768941420;-38;-29;44
1631013768972670;-38;-29;43
1631013769003920;-38;-29;43
1631013769035170;-38;-29;43
1631013769066420;-38;-29;44
1631013769097670;-38;-28;44
1631013769128930;-38;-29;44
1631013769160180;-38;-29;44
1631013769191430;-38;-29;44
1631013769222680;-38;-29;44
1631013769253930;-38;-29;44
1631013769285180;-38;-29;43
1631013769316430;-38;-29;44
1631013769347690;-38;-29;43
1631013769378940;-38;-29;44
1631013769410190;-38;-29;43
1631013769441440;-39;-28;44
1631013769472690;-38;-29;44
1631013769503940;-38;-29;44
1631013769535190;-38;-29;44
1631013769566450;-38;-29;44
1631013769597700;-38;-29;43
1631013769628950;-38;-29;43
1631013769660200;-38;-29;43
1631013769691450;-38;-29;44
1631013769722700;-38;-29;44
1631013769753950;-38;-29;44
1631013769785210;-38;-29;43
1631013769816460;-38;-28;44
1631013769847710;-38;-29;44
1631013769878960;-38;-29;44
1631013769910210;-38;-29;44
1631013769941460;-38;-28;43
1631013769972710;-38;-28;43
1631013770003970;-38;-28;44
1631013770035220;-38;-29;44
1631013770066470;-38;-29;43
1631013770097720;-38;-29;43
1631013770128970;-39;-28;43
1631013770160220;-39;-29;43
1631013770191480;-38;-29;43
1631013770222730;-38;-29;44
1631013770253980;-38;-29;43
1631013770285230;-38;-29;43
1631013770316480;-38;-29;44
1631013770347730;-38;-29;44
1631013770378980;-38;-29;44
1631013770410240;-38;-29;44
1631013770441490;-38;-29;44
1631013770472740;-38;-28;44
1631013770503990;-38;-29;44
1631013770535240;-38;-29;44
1631013770566490;-38;-29;44
1631013770597740;-38;-29;44
1631013770629000;-38;-29;44
1631013770660250;-38;-29;43
1631013770691500;-38;-28;43
1631013770722750;-38;-28;44
1631013770754000;-38;-29;44
1631013770785250;-38;-29;44
1631013770816500;-38;-29;44
1631013770847760;-38;-29;44
1631013770879010;-38;-29;44
1631013770910260;-38;-29;44
1631013770941510;-38;-29;44
1631013770972760;-38;-29;44
1631013771004010;-38;-28;43
1631013771035260;-38;-29;44
1631013771066520;-38;-29;44
1631013771097770;-38;-29;44
1631013771129020;-38;-29;44
1631013771160270;-38;-29;43
1631013771191520;-38;-29;44
1631013771222770;-38;-29;44
1631013771254020;-38;-29;43
1631013771285280;-38;-29;43
1631013771316530;-38;-29;44
1631013771347780;-38;-29;43
1631013771379030;-38;-29;44
1631013771410280;-38;-29;44
1631013771441530;-38;-29;44
1631013771472780;-38;-29;44
1631013771504040;-38;-29;44
1631013771535290;-38;-29;43
1631013771566540;-38;-28;44
1631013771597790;-38;-29;44
1631013771629040;-38;-29;44
1631013771660290;-38;-29;44
1631013771691540;-38;-29;43
1631013771722800;-38;-29;44
1631013771754050;-38;-28;44
1631013771785300;-38;-29;44
1631013771816550;-38;-29;44
1631013771847800;-38;-29;44
1631013771879050;-38;-29;44
1631013771910300;-38;-29;44
1631013771941560;-38;-29;44
1631013771972810;-38;-29;44
1631013772004060;-38;-29;43
1631013772035310;-38;-29;44
1631013772066560;-38;-29;44
1631013772097810;-38;-28;44
1631013772129060;-38;-28;44
1631013772160320;-38;-29;44
1631013772191570;-38;-29;44
1631013772222820;-38;-29;44
1631013772254070;-38;-29;43
1631013772285320;-38;-29;44
1631013772316570;-38;-29;44
1631013772347830;-38;-29;43
1631013772379080;-38;-29;44
1631013772410330;-38;-29;44
1631013772441580;-38;-29;44
1631013772472830;-38;-29;44
1631013772504080;-38;-29;44
1631013772535330;-38;-29;44
1631013772566590;-38;-29;43
1631013772597840;-38;-29;44
1631013772629090;-38;-29;44
1631013772660340;-38;-29;44
1631013772691590;-38;-29;43
1631013772722840;-38;-29;43
1631013772754090;-38;-28;44
1631013772785350;-38;-29;44
1631013772816600;-38;-29;44
1631013772847850;-38;-28;43
1631013772879100;-38;-28;44
1631013772910350;-38;-28;44
1631013772941600;-38;-28;44
1631013772972850;-38;-29;44
1631013773004110;-38;-28;44
1631013773035360;-38;-29;44
1631013773066610;-38;-28;44
1631013773097860;-38;-29;43
1631013773129110;-38;-29;44
1631013773160360;-38;-29;44
1631013773191610;-38;-29;44
1631013773222870;-38;-29;44
1631013773254120;-38;-29;43
1631013773285370;-38;-29;43
1631013773316620;-38;-29;44
1631013773347870;-38;-28;44
1631013773379120;-38;-28;44
1631013773410370;-38;-29;44
1631013773441630;-38;-29;44
1631013773472880;-38;-29;43
1631013773504130;-37;-29;43
1631013773535380;-37;-29;44
1631013773566630;-38;-30;44
1631013773597880;-38;-29;43
1631013773629130;-38;-29;43
1631013773660390;-38;-28;43
1631013773691640;-38;-28;43
1631013773722890;-38;-30;43
1631013773754140;-38;-29;43
1631013773785390;-38;-30;43
1631013773816640;-39;-29;43
1631013773847890;-38;-30;44
1631013773879150;-39;-29;42
1631013773910400;-39;-29;43
1631013773941650;-39;-30;44
1631013773972900;-38;-29;43
1631013774004150;-38;-29;43
1631013774035400;-39;-29;43
1631013774066650;-38;-29;44
1631013774097910;-37;-29;44
1631013774129160;-37;-28;44
1631013774160410;-37;-29;44
1631013774191660;-37;-29;44
1631013774222910;-37;-30;44
1631013774254160;-37;-30;44
1631013774285410;-37;-30;44
1631013774316670;-37;-30;44
1631013774347920;-37;-30;44
1631013774379170;-37;-29;45
1631013774410420;-37;-29;45
1631013774441670;-36;-29;45
1631013774472920;-37;-28;45
1631013774504170;-37;-28;45
1631013774535430;-38;-28;45
1631013774566680;-37;-28;45
1631013774597930;-37;-28;45
1631013774629180;-37;-28;45
1631013774660430;-35;-29;45
1631013774691680;-35;-29;45
1631013774722930;-36;-29;45
1631013774754190;-37;-28;44
1631013774785440;-37;-28;44
1631013774816690;-37;-28;45
1631013774847940;-37;-28;45
1631013774879190;-36;-28;45
1631013774910440;-36;-28;45
1631013774941690;-36;-28;45
1631013774972950;-36;-28;45
1631013775004200;-36;-29;46
1631013775035450;-36;-29;45
1631013775066700;-36;-29;45
1631013775097950;-37;-28;45
1631013775129200;-37;-29;45
1631013775160460;-37;-29;45
1631013775191710;-37;-29;45
1631013775222960;-37;-29;45
1631013775254210;-36;-29;45
1631013775285460;-36;-29;45
1631013775316710;-36;-29;45
1631013775347960;-37;-29;45
1631013775379220;-37;-29;45
1631013775410470;-37;-29;45
1631013775441720;-36;-29;45
1631013775472970;-37;-29;45
1631013775504220;-37;-29;45
1631013775535470;-37;-29;45
1631013775566720;-36;-28;45
1631013775597980;-37;-29;45
1631013775629230;-37;-28;45
1631013775660480;-37;-28;45
1631013775691730;-37;-29;45
1631013775722980;-37;-29;45
1631013775754230;-36;-29;44
1631013775785480;-36;-28;45
1631013775816740;-36;-29;45
1631013775847990;-36;-29;45
1631013775879240;-36;-29;45
1631013775910490;-37;-29;45
1631013775941740;-38;-30;43
1631013775972990;-38;-29;44
1631013776004240;-38;-30;44
1631013776035500;-38;-29;44
1631013776066750;-38;-29;44
1631013776098000;-38;-29;43
1631013776129250;-38;-29;44
1631013776160500;-38;-30;44
1631013776191750;-38;-30;43
1631013776223000;-38;-30;43
1631013776254260;-39;-30;42
1631013776285510;-39;-30;43
1631013776316760;-38;-30;43
1631013776348010;-38;-30;43
1631013776379260;-38;-30;43
1631013776410510;-38;-30;42
1631013776441760;-38;-29;43
1631013776473020;-38;-29;43
1631013776504270;-38;-29;43
1631013776535520;-39;-29;43
1631013776566770;-39;-29;43
1631013776598020;-39;-29;43
1631013776629270;-39;-30;43
1631013776660520;-39;-29;43
1631013776691780;-39;-30;43
1631013776723030;-39;-30;43
1631013776754280;-39;-30;43
1631013776785530;-39;-30;42
1631013776816780;-39;-30;42
1631013776848030;-39;-29;42
1631013776879280;-39;-29;43
1631013776910540;-38;-30;43
1631013776941790;-38;-30;43
1631013776973040;-38;-30;43
1631013777004290;-39;-30;42
1631013777035540;-38;-31;43
1631013777066790;-39;-32;43
1631013777098040;-40;-33;44
1631013777129300;-38;-32;48
1631013777160550;-37;-29;49
1631013777191800;-25;-28;55
1631013777223050;-30;-27;50
1631013777254300;-31;-28;49
1631013777285550;-30;-33;51
1631013777316810;-30;-31;53
1631013777348060;-33;-26;51
1631013777379310;-12;-22;61
1631013777410560;-62;-1;50
1631013777441810;-54;-6;39
1631013777473060;-20;-20;50
1631013777504310;-10;-5;52
1631013777535570;-38;-17;58
1631013777566820;-34;-19;57
1631013777598070;-32;-23;50
1631013777629320;-14;-19;58
1631013777660570;-18;-18;63
1631013777691820;-22;-13;70
1631013777723070;-10;-16;60
1631013777754330;-8;-15;55
1631013777785580;-4;-16;57
1631013777816830;-4;-17;62
1631013777848080;-4;-15;57
1631013777879330;1;-7;50
1631013777910580;-1;-2;46
1631013777941830;-26;-1;33
1631013777973090;-50;-10;27
1631013778004340;-70;-16;19
1631013778035590;-67;-22;32
1631013778066840;-60;-19;33
1631013778098090;-54;-21;29
1631013778129340;-68;-37;26
1631013778160590;-59;-40;25
1631013778191850;-27;-32;13
1631013778223100;-46;-57;15
1631013778254350;-46;-73;14
1631013778285600;-44;-61;14
1631013778316850;-46;-68;15
1631013778348100;-29;-54;17
1631013778379350;-17;-42;24
1631013778410610;-30;-57;18
1631013778441860;-31;-58;16
1631013778473110;-26;-79;16
1631013778504360;-20;-81;12
1631013778535610;-9;-66;18
1631013778566860;-42;-48;15
1631013778598110;-50;-57;17
1631013778629370;-26;-64;18
1631013778660620;-1;-63;40
1631013778691870;-12;-65;34
1631013778723120;-14;-57;21
1631013778754370;-24;-61;19
1631013778785620;-34;-60;21
1631013778816870;-28;-56;18
1631013778848130;-23;-55;17
1631013778879380;-10;-56;26
1631013778910630;-5;-51;22
1631013778941880;-17;-50;16
1631013778973130;-27;-57;12
1631013779004380;-19;-62;20
1631013779035630;-28;-64;21
1631013779066890;-40;-56;15
1631013779098140;-31;-49;9
1631013779129390;-4;-57;17
1631013779160640;-30;-60;21
1631013779191890;-20;-55;18
1631013779223140;-13;-58;15
1631013779254390;-3;-65;30
1631013779285650;-10;-58;24
1631013779316900;-5;-57;22
1631013779348150;-13;-55;22
1631013779379400;-3;-53;17
1631013779410650;-20;-66;16
1631013779441900;-38;-58;23
1631013779473150;-26;-51;14
1631013779504410;-35;-59;13
1631013779535660;-36;-58;11
1631013779566910;-17;-57;9
1631013779598160;-8;-68;28
1631013779629410;-17;-65;26
1631013779660660;-28;-61;2
1631013779691920;-2;-67;34
1631013779723170;-2;-66;38
1631013779754420;-17;-64;22
1631013779785670;-5;-57;18
1631013779816920;-9;-54;20
1631013779848170;-29;-57;17
1631013779879420;-35;-50;1
1631013779910680;-48;-61;-17
1631013779941930;-30;-54;4
1631013779973180;-23;-66;12
1631013780004430;-16;-58;15
1631013780035680;-9;-54;21
1631013780066930;-10;-61;15
1631013780098180;-7;-75;38
1631013780129440;-49;-63;16
1631013780160690;-9;-52;1
1631013780191940;-15;-61;28
1631013780223190;-12;-61;22
1631013780254440;-18;-64;17
1631013780285690;-13;-54;14
1631013780316940;-16;-57;22
1631013780348200;-20;-59;21
1631013780379450;-18;-57;21
1631013780410700;-15;-65;19
1631013780441950;-48;-60;-4
1631013780473200;-61;-55;-4
1631013780504450;10;-65;33
1631013780535700;-5;-60;19
1631013780566960;2;-51;18
1631013780598210;-16;-64;21
1631013780629460;-35;-66;11
1631013780660710;-31;-53;9
1631013780691960;-6;-59;20
1631013780723210;-12;-60;29
1631013780754460;-18;-60;18
1631013780785720;-21;-60;19
1631013780816970;-25;-58;18
1631013780848220;-5;-44;6
1631013780879470;-44;-62;-4
1631013780910720;-67;-59;7
1631013780941970;-7;-65;28
1631013780973220;-14;-64;12
1631013781004480;-4;-56;16
1631013781035730;-16;-52;12
1631013781066980;-19;-51;16
1631013781098230;-27;-72;35
1631013781129480;-30;-60;5
1631013781160730;-12;-61;8
1631013781191980;-18;-63;15
1631013781223240;-40;-65;14
1631013781254490;-35;-60;14
1631013781285740;-26;-64;13
1631013781316990;-28;-67;14
1631013781348240;-49;-65;0
1631013781379490;-23;-62;14
1631013781410740;0;-61;21
1631013781442000;0;-61;16
1631013781473250;-34;-58;7
1631013781504500;-40;-57;10
1631013781535750;-18;-56;22
1631013781567000;-21;-55;20
1631013781598250;-45;-60;17
1631013781629500;-35;-50;17
1631013781660760;-24;-45;26
1631013781692010;-40;-48;20
1631013781723260;-58;-47;11
1631013781754510;-61;-39;17
1631013781785760;-52;-37;27
1631013781817010;-45;-43;17
1631013781848260;-55;-40;10
1631013781879520;-55;-35;3
1631013781910770;-58;-32;2
1631013781942020;-54;-25;11
1631013781973270;-42;-25;40
1631013782004520;-45;-24;39
1631013782035770;-58;-18;20
1631013782067020;-55;-13;24
1631013782098280;-57;-15;31
1631013782129530;-42;-25;38
1631013782160780;-30;-28;50
1631013782192030;-25;-30;59
1631013782223280;-33;-22;64
1631013782254530;-42;-23;58
1631013782285780;-19;-27;61
1631013782317040;-7;-18;76
1631013782348290;-14;-10;69
1631013782379540;-26;4;47
1631013782410790;-37;9;38
1631013782442040;-38;7;43
1631013782473290;-32;11;49
1631013782504550;-26;13;43
1631013782535800;-10;18;44
1631013782567050;-5;9;55
1631013782598300;-3;9;57
1631013782629550;-26;4;58
1631013782660800;-22;0;64
1631013782692050;-20;-1;65
1631013782723310;-15;-7;61
1631013782754560;-16;-5;63
1631013782785810;-18;-12;67
1631013782817060;2;-13;83
1631013782848310;-1;-3;68
1631013782879560;-10;2;57
1631013782910810;-10;4;61
1631013782942070;-10;8;62
1631013782973320;-10;14;67
1631013783004570;-10;10;65
1631013783035820;-10;8;67
1631013783067070;-10;6;64
1631013783098320;-17;6;60
1631013783129570;-18;7;60
1631013783160830;-16;9;62
1631013783192080;-16;9;62
1631013783223330;-16;8;62
1631013783254580;-18;7;61
1631013783285830;-17;7;62
1631013783317080;-19;8;61
1631013783348330;-20;8;59
1631013783379590;-18;8;63
1631013783410840;-17;10;61
1631013783442090;-21;9;58
1631013783473340;-21;8;60
1631013783504590;-15;8;63
1631013783535840;-16;7;63
1631013783567090;-20;8;58
1631013783598350;-18;8;61
1631013783629600;-16;8;62
1631013783660850;-16;6;61
1631013783692100;-16;6;62
1631013783723350;-17;6;63
1631013783754600;-13;10;65
1631013783785850;-16;9;62
1631013783817110;-20;9;60
1631013783848360;-18;9;61
1631013783879610;-19;9;62
1631013783910860;-19;8;60
1631013783942110;-20;8;59
1631013783973360;-19;7;60
1631013784004610;-16;8;61
1631013784035870;-14;8;63
1631013784067120;-13;8;66
1631013784098370;-20;8;60
1631013784129620;-19;9;60
1631013784160870;-20;10;62
1631013784192120;-20;11;61
1631013784223370;-19;10;59
1631013784254630;-19;7;59
1631013784285880;-11;7;65
1631013784317130;-15;7;62
1631013784348380;-16;8;63
1631013784379630;-15;8;63
1631013784410880;-19;8;59
1631013784442130;-18;9;62
1631013784473390;-18;9;63
1631013784504640;-18;11;61
1631013784535890;-18;9;60
1631013784567140;-19;8;59
1631013784598390;-13;8;64
1631013784629640;-13;7;63
1631013784660900;-19;9;60
1631013784692150;-20;9;60
1631013784723400;-17;9;62
1631013784754650;-16;9;62
1631013784785900;-16;8;62
1631013784817150;-18;8;61
1631013784848400;-17;9;62
1631013784879660;-18;9;61
1631013784910910;-17;8;61
1631013784942160;-16;8;62
1631013784973410;-17;8;61
1631013785004660;-18;8;61
1631013785035910;-17;8;62
1631013785067160;-17;8;61
1631013785098420;-17;8;61
1631013785129670;-16;7;61
1631013785160920;-18;7;62
1631013785192170;-18;10;63
1631013785223420;-18;11;62
